{"cameraMode":{"drawMode":0,"name":"Shaded","section":"Shading Mode"},"sceneLighting":true,"audioPlay":false,"sceneViewState":{"showFog":true,"showMaterialUpdate":false,"showSkybox":true,"showFlares":true,"showImageEffects":true,"showParticleSystems":true},"in2DMode":false,"pivot":{"x":-0.5585891008377075,"y":1.4991004467010499,"z":0.6073884963989258},"rotation":{"x":-0.20967496931552888,"y":-0.6649588346481323,"z":0.2080707997083664,"w":-0.6867222189903259},"size":0.7071884870529175,"orthographic":true}