{"cameraMode":{"drawMode":0,"name":"Shaded","section":"Shading Mode"},"sceneLighting":true,"audioPlay":false,"sceneViewState":{"showFog":true,"showMaterialUpdate":false,"showSkybox":false,"showFlares":true,"showImageEffects":true,"showParticleSystems":true},"in2DMode":false,"pivot":{"x":-4.049245357513428,"y":7.034160137176514,"z":-0.47092437744140627},"rotation":{"x":0.07398241013288498,"y":-0.6870004534721375,"z":0.07083116471767426,"w":0.7194985151290894},"size":12.573038101196289,"orthographic":true}