{"cameraMode":{"drawMode":0,"name":"Shaded","section":"Shading Mode"},"sceneLighting":false,"audioPlay":false,"sceneViewState":{"showFog":true,"showMaterialUpdate":false,"showSkybox":false,"showFlares":true,"showImageEffects":true,"showParticleSystems":true},"in2DMode":false,"pivot":{"x":0.0012054443359375,"y":0.011993408203125,"z":-0.00024999678134918213},"rotation":{"x":-0.7348996996879578,"y":0.024363389238715173,"z":-0.026483984664082528,"w":-0.6772512793540955},"size":0.41962507367134097,"orthographic":false}