{"cameraMode":{"drawMode":0,"name":"Shaded","section":"Shading Mode"},"sceneLighting":true,"audioPlay":false,"sceneViewState":{"showFog":true,"showMaterialUpdate":false,"showSkybox":true,"showFlares":true,"showImageEffects":true,"showParticleSystems":true},"in2DMode":false,"pivot":{"x":-0.7876080274581909,"y":1.2121700048446656,"z":1.677101969718933},"rotation":{"x":0.10169842094182968,"y":-0.42979398369789126,"z":0.04894233122467995,"w":0.8959221243858337},"size":0.7796614170074463,"orthographic":true}