{"cameraMode":{"drawMode":0,"name":"Shaded","section":"Shading Mode"},"sceneLighting":true,"audioPlay":false,"sceneViewState":{"showFog":true,"showMaterialUpdate":false,"showSkybox":true,"showFlares":true,"showImageEffects":true,"showParticleSystems":true},"in2DMode":false,"pivot":{"x":-2.562899112701416,"y":0.58563232421875,"z":1.1372897624969483},"rotation":{"x":0.07398241013288498,"y":-0.6870004534721375,"z":0.07083116471767426,"w":0.7194985151290894},"size":1.609370231628418,"orthographic":true}