{"cameraMode":{"drawMode":0,"name":"Shaded","section":"Shading Mode"},"sceneLighting":true,"audioPlay":false,"sceneViewState":{"showFog":true,"showMaterialUpdate":false,"showSkybox":true,"showFlares":true,"showImageEffects":true,"showParticleSystems":true},"in2DMode":false,"pivot":{"x":0.05266714468598366,"y":0.0795777291059494,"z":0.08082562685012818},"rotation":{"x":-0.10367411375045777,"y":0.48376232385635378,"z":-0.05568062514066696,"w":-0.8677008152008057},"size":1.4007574319839478,"orthographic":true}