{"cameraMode":{"drawMode":0,"name":"Shaded","section":"Shading Mode"},"sceneLighting":true,"audioPlay":false,"sceneViewState":{"showFog":true,"showMaterialUpdate":false,"showSkybox":true,"showFlares":true,"showImageEffects":true,"showParticleSystems":true},"in2DMode":false,"pivot":{"x":-0.18312504887580872,"y":0.1460362672805786,"z":-4.507071495056152},"rotation":{"x":-0.10561835020780564,"y":0.7381687760353088,"z":-0.11915814131498337,"w":-0.6556859016418457},"size":0.2528984248638153,"orthographic":true}