{"cameraMode":{"drawMode":0,"name":"Shaded","section":"Shading Mode"},"sceneLighting":true,"audioPlay":false,"sceneViewState":{"showFog":true,"showMaterialUpdate":false,"showSkybox":true,"showFlares":true,"showImageEffects":true,"showParticleSystems":true},"in2DMode":false,"pivot":{"x":-0.25070199370384219,"y":0.19495537877082826,"z":-4.517675399780273},"rotation":{"x":-0.2758486270904541,"y":-0.0723760575056076,"z":0.020330579951405526,"w":-0.9584628343582153},"size":0.33104270696640017,"orthographic":true}