{"cameraMode":{"drawMode":0,"name":"Shaded","section":"Shading Mode"},"sceneLighting":true,"audioPlay":false,"sceneViewState":{"showFog":true,"showMaterialUpdate":false,"showSkybox":true,"showFlares":true,"showImageEffects":true,"showParticleSystems":true},"in2DMode":false,"pivot":{"x":1.0408459901809693,"y":0.21117204427719117,"z":-1.707342267036438},"rotation":{"x":0.12511421740055085,"y":0.23389746248722077,"z":-0.0326378233730793,"w":0.9640430808067322},"size":0.49974361062049868,"orthographic":true}