{"cameraMode":{"drawMode":0,"name":"Shaded","section":"Shading Mode"},"sceneLighting":true,"audioPlay":false,"sceneViewState":{"showFog":true,"showMaterialUpdate":false,"showSkybox":true,"showFlares":true,"showImageEffects":true,"showParticleSystems":true},"in2DMode":false,"pivot":{"x":-0.38573241233825686,"y":0.3549737334251404,"z":-2.9550211429595949},"rotation":{"x":0.32612374424934389,"y":-0.3138488829135895,"z":0.1159234419465065,"w":0.8842321038246155},"size":2.4137563705444338,"orthographic":true}