{"cameraMode":{"drawMode":0,"name":"Shaded","section":"Shading Mode"},"sceneLighting":true,"audioPlay":false,"sceneViewState":{"showFog":true,"showMaterialUpdate":false,"showSkybox":true,"showFlares":true,"showImageEffects":true,"showParticleSystems":true},"in2DMode":false,"pivot":{"x":-0.040874987840652469,"y":0.43401139974594118,"z":-2.382502317428589},"rotation":{"x":0.6249464154243469,"y":0.03931252285838127,"z":-0.03093353658914566,"w":0.7793023586273193},"size":2.748216390609741,"orthographic":true}