{"cameraMode":{"drawMode":0,"name":"Shaded","section":"Shading Mode"},"sceneLighting":false,"audioPlay":false,"sceneViewState":{"showFog":true,"showMaterialUpdate":false,"showSkybox":false,"showFlares":true,"showImageEffects":true,"showParticleSystems":true},"in2DMode":false,"pivot":{"x":0.0,"y":0.6119999885559082,"z":0.17190000414848329},"rotation":{"x":0.018114538863301278,"y":0.9807173609733582,"z":-0.16117116808891297,"w":0.10959849506616593},"size":3.78564715385437,"orthographic":true}