{"cameraMode":{"drawMode":0,"name":"Shaded","section":"Shading Mode"},"sceneLighting":true,"audioPlay":false,"sceneViewState":{"showFog":true,"showMaterialUpdate":false,"showSkybox":true,"showFlares":true,"showImageEffects":true,"showParticleSystems":true},"in2DMode":false,"pivot":{"x":0.05266714468598366,"y":0.0795777291059494,"z":0.08082562685012818},"rotation":{"x":-0.003059598384425044,"y":0.7066606879234314,"z":-0.00032380103948526084,"w":-0.7080958485603333},"size":0.27636197209358218,"orthographic":true}