{"cameraMode":{"drawMode":0,"name":"Shaded","section":"Shading Mode"},"sceneLighting":true,"audioPlay":false,"sceneViewState":{"showFog":true,"showMaterialUpdate":false,"showSkybox":true,"showFlares":true,"showImageEffects":true,"showParticleSystems":true},"in2DMode":false,"pivot":{"x":0.014547377824783326,"y":0.5239875316619873,"z":0.6195050477981567},"rotation":{"x":-0.20310555398464204,"y":0.6172378659248352,"z":-0.1698300838470459,"w":-0.7411537170410156},"size":0.36593592166900637,"orthographic":true}