{"cameraMode":{"drawMode":0,"name":"Shaded","section":"Shading Mode"},"sceneLighting":true,"audioPlay":false,"sceneViewState":{"showFog":true,"showMaterialUpdate":false,"showSkybox":true,"showFlares":true,"showImageEffects":true,"showParticleSystems":true},"in2DMode":false,"pivot":{"x":-0.3257499933242798,"y":0.28403303027153017,"z":-4.402203559875488},"rotation":{"x":-0.1960051953792572,"y":-0.6988533139228821,"z":0.20803122222423554,"w":-0.6560401916503906},"size":0.027566395699977876,"orthographic":true}