{"cameraMode":{"drawMode":0,"name":"Shaded","section":"Shading Mode"},"sceneLighting":true,"audioPlay":false,"sceneViewState":{"showFog":true,"showMaterialUpdate":false,"showSkybox":true,"showFlares":true,"showImageEffects":true,"showParticleSystems":true},"in2DMode":false,"pivot":{"x":-0.10513152927160263,"y":0.00414274400100112,"z":-4.7199788093566898},"rotation":{"x":-0.6494225263595581,"y":0.053367357701063159,"z":-0.04603643715381622,"w":-0.7572686076164246},"size":0.2642788589000702,"orthographic":true}