{"cameraMode":{"drawMode":0,"name":"Shaded","section":"Shading Mode"},"sceneLighting":false,"audioPlay":false,"sceneViewState":{"showFog":true,"showMaterialUpdate":false,"showSkybox":false,"showFlares":true,"showImageEffects":true,"showParticleSystems":true},"in2DMode":false,"pivot":{"x":-1.3969838619232178e-9,"y":0.0,"z":-0.08220000565052033},"rotation":{"x":0.018114538863301278,"y":0.9807173609733582,"z":-0.16117116808891297,"w":0.10959849506616593},"size":0.008660257793962956,"orthographic":true}