{"cameraMode":{"drawMode":0,"name":"Shaded","section":"Shading Mode"},"sceneLighting":true,"audioPlay":false,"sceneViewState":{"showFog":true,"showMaterialUpdate":false,"showSkybox":true,"showFlares":true,"showImageEffects":true,"showParticleSystems":true},"in2DMode":false,"pivot":{"x":-0.20098784565925599,"y":-0.026642054319381715,"z":-4.771580219268799},"rotation":{"x":0.1727793663740158,"y":-0.5149959921836853,"z":0.10691942274570465,"w":0.8328489661216736},"size":0.650309681892395,"orthographic":true}